Workbook

Sheet Cover
B3: [COMPANY LOGO PLACEHOLDER]
B6: KPI Dashboard
B7: Project & Business Performance Metrics
B9: Organization: | C9: [Organization Name]
B10: Prepared by: | C10: [Business Analyst Name]
B11: Version: | C11: 1.0
B12: Date: | C12: June 2025
B13: Status: | C13: Draft
B15: Design & Prepared by: | C15: Ahmed El Sayyad

Sheet KPI Data
A1: KPI ID | B1: KPI Name | C1: Category | D1: Description | E1: Unit | F1: Frequency | G1: Owner | H1: Target | I1: Warning Threshold | J1: Jan | K1: Feb | L1: Mar | M1: Apr | N1: May | O1: Jun | P1: Current Value | Q1: Status | R1: Trend | S1: Commentary
A2: KPI-001 | B2: Requirements Approval Rate | C2: Requirements | D2: % requirements approved on schedule | E2: % | F2: Monthly | G2: [BA Lead] | H2: 90 | I2: 75 | J2: 65 | K2: 70 | L2: 75 | M2: 80 | N2: 85 | O2: 88 | P2: =O3 | Q2: =IF(P3>=H3,"On Target",IF(P3>=I3,"At Risk","Below Target"))
A3: KPI-002 | B3: Stakeholder Satisfaction | C3: Stakeholder | D3: Average satisfaction score from stakeholders | E3: Score /10 | F3: Monthly | G3: [PM] | H3: 8 | I3: 7 | J3: 6.5 | K3: 7 | L3: 7.2 | M3: 7.5 | N3: 7.8 | O3: 8 | P3: =O4 | Q3: =IF(P4>=H4,"On Target",IF(P4>=I4,"At Risk","Below Target"))
A4: KPI-003 | B4: Test Case Pass Rate | C4: Quality | D4: % of UAT test cases passed | E4: % | F4: Weekly | G4: [UAT Lead] | H4: 95 | I4: 80 | J4: 0 | K4: 0 | L4: 0 | M4: 0 | N4: 55 | O4: 72 | P4: =O5 | Q4: =IF(P5>=H5,"On Target",IF(P5>=I5,"At Risk","Below Target")) | S4: Testing phase started May
A5: KPI-004 | B5: Defect Resolution Rate | C5: Quality | D5: % of P1/P2 defects resolved within SLA | E5: % | F5: Weekly | G5: [IT Lead] | H5: 95 | I5: 85 | J5: 0 | K5: 0 | L5: 0 | M5: 0 | N5: 88 | O5: 92 | P5: =O6 | Q5: =IF(P6>=H6,"On Target",IF(P6>=I6,"At Risk","Below Target"))
A6: KPI-005 | B6: Requirements Stability | C6: Requirements | D6: % requirements unchanged after baseline | E6: % | F6: Monthly | G6: [BA] | H6: 85 | I6: 70 | J6: 100 | K6: 95 | L6: 90 | M6: 88 | N6: 85 | O6: 82 | P6: =O7 | Q6: =IF(P7>=H7,"On Target",IF(P7>=I7,"At Risk","Below Target")) | S6: Scope changes in scope management

Sheet Dashboard
B2: PROJECT KPI DASHBOARD
B3: Reporting Period: June 2025 | Project: [Project Name]
B5: KPI | C5: Target | D5: Current | E5: Status
B6: ='KPI Data'!B3 | C6: ='KPI Data'!H3 | D6: ='KPI Data'!P3 | E6: ='KPI Data'!R3
B7: ='KPI Data'!B4 | C7: ='KPI Data'!H4 | D7: ='KPI Data'!P4 | E7: ='KPI Data'!R4
B8: ='KPI Data'!B5 | C8: ='KPI Data'!H5 | D8: ='KPI Data'!P5 | E8: ='KPI Data'!R5
B9: ='KPI Data'!B6 | C9: ='KPI Data'!H6 | D9: ='KPI Data'!P6 | E9: ='KPI Data'!R6
B10: ='KPI Data'!B7 | C10: ='KPI Data'!H7 | D10: ='KPI Data'!P7 | E10: ='KPI Data'!R7
